,wikidata,osmid,type
0,Q10398038,166372147,way
1,Q10399592,427761718,way
2,Q10400870,839880967,way
3,Q4682106,106745873,way
4,Q360572,42038493,way
5,Q10401444,1375024,relation
6,Q93797701,7782172690,node
7,Q31899783,323215588,way
8,Q10403698,176185391,way
9,Q10404021,840512525,way
10,Q10404223,484595424,way
11,Q10404378,217107335,way
12,Q10404421,1098807436,node
13,Q10404422,378782783,way
14,Q10404615,173511990,way
15,Q10405128,430059451,way
16,Q10405174,243183084,way
17,Q10405378,461708485,way
18,Q10405429,43914690,way
19,Q10405431,2426955496,node
20,Q10405600,364750956,way
21,Q827091,47976746,way
22,Q10405624,104244135,way
23,Q10405627,108375151,way
24,Q4581039,50731853,way
25,Q26256950,233887858,way
26,Q16157533,334896044,way
27,Q10406577,493557334,node
28,Q10406580,55583994,way
29,Q10406622,88590452,way
30,Q16157546,184337423,way
31,Q10406624,88590455,way
32,Q10406784,293764154,way
33,Q7762382,244092798,way
34,Q10406816,556235173,way
35,Q10407030,717729870,node
36,Q10407035,515939892,way
37,Q10407064,430062249,way
38,Q10407153,317670612,way
39,Q10407671,329819095,way
40,Q19977463,504361030,way
41,Q359217,68528107,way
42,Q16496567,514027661,way
43,Q10409325,585714235,way
44,Q10411208,2329278889,node
45,Q10411217,28801289,way
46,Q10411445,409767554,way
47,Q10411471,37079818,way
48,Q10411537,646560830,way
49,Q10411711,211460783,way
50,Q10411767,474860353,way
51,Q10411773,543329951,way
52,Q10411780,215583068,way
53,Q10412388,371638906,way
54,Q10300318,34590578,way
55,Q10412419,430062556,way
56,Q10412443,419867331,way
57,Q10412950,430063149,way
58,Q10412954,260121494,way
59,Q10412956,609495055,way
60,Q10412958,193190518,way
61,Q10412957,303300901,node
62,Q10413125,243179646,way
63,Q220153,2111885235,node
64,Q10414420,198565523,way
65,Q10416211,228053358,way
66,Q10417107,286071655,way
67,Q10417838,292553961,way
68,Q10418083,28582100,way
69,Q10418324,430063458,way
70,Q10418491,28825630,way
71,Q3440577,337865438,way
72,Q10419082,616066622,way
73,Q10419714,542470000,way
74,Q10419783,651604497,way
75,Q10300320,85816461,way
76,Q10419824,243183085,way
77,Q10419833,775704184,way
78,Q10419854,476155651,way
79,Q10419895,384645845,way
80,Q10419917,295958231,way
81,Q10420400,242699656,way
82,Q10420449,1281696460,node
83,Q10422199,300594985,way
84,Q10422363,138945844,way
85,Q10423373,270962854,node
86,Q10423482,839845918,way
87,Q10424138,94516359,way
88,Q36791622,95081176,way
89,Q10424150,1726527244,node
90,Q10424162,121225973,way
91,Q10424496,308715455,way
92,Q10424662,327856973,way
93,Q10425280,264749919,way
94,Q16498097,225800760,way
95,Q16498097,225800760,way
96,Q10425703,426186314,way
97,Q10426048,160535008,way
98,Q10426057,582439810,way
99,Q10426217,193393817,way
100,Q93705378,282525120,node
101,Q10426240,227193706,way
102,Q10426411,6698516904,node
103,Q10426436,724161962,way
104,Q10426478,949919984,way
105,Q10426498,243165070,way
106,Q16498305,525901310,node
107,Q10426826,3678996064,node
108,Q10428108,550497676,way
109,Q10428340,191619394,way
110,Q10428342,138261326,way
111,Q10428353,206213119,way
112,Q10428450,7839688946,node
113,Q17561302,311806845,way
114,Q10428469,175010593,way
115,Q10428472,429254947,way
116,Q10428473,968044557,node
117,Q10428504,353038733,way
118,Q10428518,130856283,way
119,Q10428601,216960718,way
120,Q10428624,4597691192,node
121,Q10429011,829488228,node
122,Q10429013,103588190,way
123,Q10429014,1170179696,node
124,Q10429015,84956136,way
125,Q28380091,470545690,node
126,Q10429050,295739945,way
127,Q10429614,274827130,way
128,Q10429632,611099807,way
129,Q10429638,25607625,way
130,Q10429648,265407657,way
131,Q16502201,281595205,node
132,Q10429935,91284665,way
133,Q10430096,34346445,way
134,Q10430100,430063855,way
135,Q10430343,243067635,way
136,Q10430397,839845921,way
137,Q16502412,251270832,way
138,Q10430425,330208204,way
139,Q10430433,448740300,way
140,Q10430443,415216839,way
141,Q10430450,839959603,way
142,Q1742839,333965281,way
143,Q10430487,242850257,way
144,Q10430499,188973969,way
145,Q10430506,321417907,way
146,Q10430525,366338387,way
147,Q10430530,244828675,way
148,Q10430543,261901105,way
149,Q10430552,195606634,way
150,Q10430580,776034224,way
151,Q10430585,430154805,way
152,Q10430602,839845911,way
153,Q10430613,485218924,way
154,Q10430630,307021042,way
155,Q10430651,465618553,way
156,Q4919696,142778772,way
157,Q10430700,734898404,way
158,Q10430736,500484002,way
159,Q18747070,828839856,way
160,Q10430777,446496416,way
161,Q18287228,300873527,way
162,Q18287242,90795629,way
163,Q10431216,518679917,way
164,Q10431279,137818055,way
165,Q10431328,234211379,way
166,Q16503194,534246702,node
167,Q10431497,243287922,way
168,Q10431629,381383267,node
169,Q10431724,319873593,way
170,Q10431764,300703223,way
171,Q10431940,438224120,way
172,Q10431957,244594172,way
173,Q10431995,494268551,node
174,Q1742840,379069464,way
175,Q10432067,810206945,node
176,Q10432086,430064553,way
177,Q10432103,313454341,way
178,Q4938750,466462131,way
179,Q10432190,466462127,way
180,Q10432421,218944854,way
181,Q10432578,272405194,way
182,Q10432583,98431084,way
183,Q2955000,226760543,way
184,Q10432595,342545427,way
185,Q10432622,411669284,way
186,Q10432678,417696797,way
187,Q10432757,32761732,way
188,Q10432847,96190069,way
189,Q10432872,1017511477,way
190,Q10432966,278109794,way
191,Q10432967,92482013,way
192,Q16503907,795066815,node
193,Q10433144,205821445,way
194,Q10433194,404482977,way
195,Q10433198,324789574,way
196,Q10433203,308976827,way
197,Q10433211,431747127,way
198,Q10433241,233236241,way
199,Q10433321,930191475,node
200,Q16503997,64951652,way
201,Q16504000,4006867,relation
202,Q10433713,526895642,way
203,Q10433725,27952853,way
204,Q10433906,229970126,way
205,Q10433929,207184386,way
206,Q10434020,312086326,way
207,Q10434051,423133210,way
208,Q10434636,242268657,way
209,Q10434751,232439044,way
210,Q10434845,292550364,way
211,Q10434966,655712276,way
212,Q10435000,288835391,way
213,Q10435004,223443791,way
214,Q10435034,430065000,way
215,Q10435050,761272945,way
216,Q10435058,839845920,way
217,Q10435068,840292950,way
218,Q10435069,1489097185,node
219,Q10435184,2503266687,node
220,Q10435185,27486681,way
221,Q10435646,243008306,way
222,Q10435865,294067072,way
223,Q16505464,116582916,way
224,Q10435907,243042815,way
225,Q10435947,217107336,way
226,Q10435954,255301323,way
227,Q10435999,92035457,way
228,Q940143,43395699,way
229,Q940143,43395699,way
230,Q10436283,101506219,way
231,Q16505596,74875474,way
232,Q10436353,211484403,way
233,Q10436386,409767555,way
234,Q10436395,1041150427,way
235,Q10436437,543013264,way
236,Q10436447,150284908,way
237,Q10436493,301638952,way
238,Q10436901,151527003,way
239,Q10436936,28669440,way
240,Q10436963,2503266693,node
241,Q10436978,196843632,way
242,Q10436994,503228662,way
243,Q10437008,53089477,way
244,Q10437016,303439396,way
245,Q16505993,907898772,way
246,Q10437140,336661502,way
247,Q10437757,219950730,way
248,Q10437759,42466641,way
249,Q10437822,152618662,way
250,Q10437863,87743209,way
251,Q10437983,198276440,way
252,Q10437992,116285720,way
253,Q10438117,125800200,way
254,Q10438136,136059860,way
255,Q10438163,171677791,way
256,Q10438232,149877159,way
257,Q18287374,94338145,way
258,Q10438428,1174094724,node
259,Q10438468,441392824,way
260,Q10438469,175806917,way
261,Q10438470,164472159,way
262,Q10438487,554488426,way
263,Q10438514,6270514258,node
264,Q10438523,23846233,way
265,Q10438526,552661339,way
266,Q18287384,90989643,way
267,Q10438616,358119760,way
268,Q10438690,993525411,way
269,Q10438717,243123578,way
270,Q10438738,30898277,way
271,Q10438744,30080948,way
272,Q10438771,217105780,way
273,Q10438776,552165490,way
274,Q1036484,643553430,way
275,Q10443066,30391798,way
276,Q10443135,91482961,way
277,Q4992379,34732336,way
278,Q10445173,38545711,way
279,Q10445176,157498635,way
280,Q10445175,233984629,way
281,Q10451570,36910165,way
282,Q10453578,846109899,node
283,Q10465956,234949788,way
284,Q10465961,655708756,way
285,Q10466046,323356231,way
286,Q18287650,90520419,way
287,Q10466077,224622042,way
288,Q4992495,91582313,way
289,Q10466118,263787131,way
290,Q10466119,264739072,way
291,Q10466189,300874019,way
292,Q15977869,240127295,way
293,Q18287690,409265955,way
294,Q18330950,412039778,way
295,Q10466443,96173891,way
296,Q10466501,840512523,way
297,Q10466523,117259014,node
298,Q5219988,34611504,way
299,Q10466631,733416224,way
300,Q10466849,1820595941,node
301,Q10403957,164999800,way
302,Q18287841,273334786,way
303,Q10468280,278785398,node
304,Q10468659,368235926,way
305,Q10468660,559570309,way
306,Q10688191,98479971,way
307,Q10472487,219709860,way
308,Q10472677,546377345,way
309,Q1742850,325385373,way
310,Q10474952,33116272,way
311,Q10474971,441979213,way
312,Q10474983,29167938,node
313,Q10475000,871399481,way
314,Q10475840,740603300,node
315,Q10475916,105018724,way
316,Q8392583,292121951,way
317,Q10476440,146296693,way
318,Q10476812,1883860298,node
319,Q10476821,1884131350,node
320,Q10659436,61048801,way
321,Q10659436,61048801,way
322,Q10477221,983730408,way
323,Q10477576,407656742,way
324,Q10477854,271978949,way
325,Q10477858,184518028,way
326,Q7427061,889312021,node
327,Q18288693,243004857,way
328,Q10478809,90073230,way
329,Q16972478,498998567,way
330,Q10479825,264637527,way
331,Q10479851,118366702,way
332,Q10479864,840853698,way
333,Q10479945,38375659,way
334,Q10479947,609761666,way
335,Q10479962,651809455,way
336,Q10479965,63561353,way
337,Q10479971,118371325,way
338,Q10479986,854270159,way
339,Q10479992,265394511,way
340,Q10480006,24232752,way
341,Q10480200,655708752,way
342,Q10480251,303934468,way
343,Q10480263,243138214,way
344,Q10480487,978873112,way
345,Q10480498,297322865,way
346,Q10480531,444884516,way
347,Q10480532,2027186308,node
348,Q10480533,611315397,way
349,Q10480556,429252094,way
350,Q10480573,23513417,way
351,Q10480599,249523295,way
352,Q10480608,410818482,way
353,Q10480628,202291232,way
354,Q10480757,976416357,way
355,Q10480762,199916427,way
356,Q10481145,655708748,way
357,Q10481528,84956057,way
358,Q10481529,161598662,way
359,Q10481535,146286068,way
360,Q10481540,243067636,way
361,Q10481754,409767557,way
362,Q10481770,308477039,way
363,Q10482276,268281034,way
364,Q10482298,1860637476,node
365,Q10484064,221808295,node
366,Q4348177,21572801,way
367,Q1342596,358614832,way
368,Q10484290,296599558,way
369,Q10484418,110453506,way
370,Q10484432,167815025,way
371,Q10485080,302079269,way
372,Q10485083,302079270,way
373,Q10485124,550175580,way
374,Q10485129,305529404,way
375,Q10485131,1611053586,node
376,Q10485137,480268623,way
377,Q10487718,243138218,way
378,Q10487722,243138219,way
379,Q10487725,3611643,relation
380,Q10487775,602757852,way
381,Q10488435,197268614,way
382,Q10488438,401909929,way
383,Q10488441,2109945475,node
384,Q10488445,117481563,way
385,Q10489000,53088192,way
386,Q10489070,220471856,way
387,Q10489104,516257675,way
388,Q10489123,192795719,way
389,Q10489190,48064247,way
390,Q10489200,243165071,way
391,Q10492764,311267749,way
392,Q10492796,349131988,node
393,Q10492819,409767559,way
394,Q10493558,560403838,way
395,Q10493738,738805235,way
396,Q10493858,27748542,way
397,Q10493971,138232544,way
398,Q10494072,409767562,way
399,Q10494078,539690813,way
400,Q10494173,90445948,way
401,Q10494176,685854735,way
402,Q10494331,842366175,way
403,Q10494516,722348398,way
404,Q10494614,733416230,way
405,Q10495053,108375144,way
406,Q8656652,276277777,way
407,Q10495201,510001713,way
408,Q10495351,682480360,way
409,Q10495515,2505561820,node
410,Q10495557,840440039,way
411,Q4357115,108375145,way
412,Q10495775,342046961,way
413,Q10495807,201323713,way
414,Q10495913,430065192,way
415,Q10495943,185571511,way
416,Q10495996,442615380,way
417,Q10496001,440786124,way
418,Q10496005,275527354,way
419,Q10496063,1001841444,way
420,Q10496100,239962977,way
421,Q10496122,228462139,way
422,Q10496261,126869805,way
423,Q10496327,212713503,way
424,Q10496552,81302345,way
425,Q10496642,169695813,way
426,Q10496649,359287115,way
427,Q10496655,4439629368,node
428,Q1604799,901098244,node
429,Q477954,291678038,way
430,Q10496846,354214744,way
431,Q10496856,267430214,node
432,Q10496861,218570468,way
433,Q10496884,273266078,way
434,Q10497172,506061216,way
435,Q10497199,205820592,way
436,Q10497273,152410159,way
437,Q1742861,468503373,way
438,Q10498049,469382301,way
439,Q10498050,1412616486,node
440,Q10498052,662125506,way
441,Q10498072,157905311,way
442,Q10498087,570554351,way
443,Q1742862,780352315,way
444,Q10498100,302914818,way
445,Q10498117,553121878,way
446,Q1736620,243042816,way
447,Q10498131,614527560,way
448,Q10498157,363567781,way
449,Q10498192,1000937875,way
450,Q10498249,28558032,way
451,Q10498259,154305430,way
452,Q10498486,4269434180,node
453,Q10498749,842794188,way
454,Q972612,432242757,way
455,Q10498787,481430039,node
456,Q3012525,264049101,node
457,Q10499024,24601720,way
458,Q10499114,290630168,way
459,Q10499178,359995683,way
460,Q10499286,661871938,way
461,Q10499453,244517700,way
462,Q11860132,256632522,way
463,Q10499577,440976949,way
464,Q18289956,303438795,way
465,Q10499630,165828196,way
466,Q10499691,1918869842,node
467,Q10499709,378577504,way
468,Q10499753,4030048569,node
469,Q10499756,542502559,way
470,Q10499761,430065193,way
471,Q10499768,308440253,way
472,Q10499775,82745603,way
473,Q10499782,387093571,node
474,Q10499798,41921021,way
475,Q6642330,219047638,way
476,Q10499936,733413053,way
477,Q10499960,302762888,way
478,Q10500013,243042817,way
479,Q5508752,55480374,way
480,Q10500149,609047075,way
481,Q10500231,314325796,way
482,Q10500245,396329788,way
483,Q10500255,60449259,way
484,Q10500679,512125136,way
485,Q10500700,146797538,way
486,Q10500767,654356466,way
487,Q10500783,481430041,node
488,Q10500788,243296091,way
489,Q10500799,733416229,way
490,Q10500808,58709771,way
491,Q10500832,613124509,way
492,Q10500837,2139300476,node
493,Q10500872,823176905,way
494,Q10500891,100718997,way
495,Q10500950,101711036,way
496,Q10500961,479155204,way
497,Q10500970,243165078,way
498,Q1742865,344862510,way
499,Q10501052,243138220,way
500,Q18290014,300180453,way
501,Q10501350,368449884,way
502,Q10501360,627224747,way
503,Q10501386,994072302,way
504,Q10501478,616773996,way
505,Q8342836,25830231,way
506,Q10502463,232202612,way
507,Q10502526,446000105,way
508,Q10503118,264086328,way
509,Q18290100,83133492,way
510,Q1742869,901081593,node
511,Q10504547,28745123,way
512,Q10504556,435897347,way
513,Q10504569,407598884,way
514,Q10504583,336647735,way
515,Q10504596,542476436,way
516,Q10504803,537226506,way
517,Q10504908,2627135614,node
518,Q10504909,548248602,way
519,Q10505046,430065931,way
520,Q10505191,4938707206,node
521,Q29840543,298561595,way
522,Q10505326,297997296,way
523,Q940124,241220120,way
524,Q10505469,443202362,way
525,Q10505810,213883266,way
526,Q10506116,220199199,way
527,Q18290155,288086733,way
528,Q10506431,40795032,way
529,Q28919728,1076498884,way
530,Q5588085,263279654,way
531,Q18239211,32198157,way
532,Q10508097,364127067,way
533,Q10508126,1312640,relation
534,Q10508128,89504185,way
535,Q10508185,842486332,way
536,Q10508456,442242276,way
537,Q10508515,361842422,way
538,Q10508720,2504446842,node
539,Q10508731,59565441,way
540,Q10508739,2134229639,node
541,Q10508755,397866342,way
542,Q10508812,303160348,way
543,Q10508861,424829345,way
544,Q10508908,131492572,way
545,Q10508935,448009151,node
546,Q10508955,242770555,way
547,Q10509078,243138221,way
548,Q10509094,515478366,way
549,Q10509642,310766494,way
550,Q10509655,733416228,way
551,Q10509667,839521951,way
552,Q10509676,339574173,way
553,Q10509677,895568811,node
554,Q10509726,1079275008,way
555,Q10509788,246062342,way
556,Q10509795,510442545,way
557,Q10509807,275973917,way
558,Q10509819,243146943,way
559,Q10509823,733408191,way
560,Q10509833,440384287,node
561,Q10509912,2137891886,node
562,Q10509938,661596633,way
563,Q10509947,54951110,way
564,Q10510020,53164409,way
565,Q10510141,210808127,way
566,Q10510524,1606221,relation
567,Q18290298,243123580,way
568,Q10510656,342747524,way
569,Q10510690,105065797,way
570,Q10510759,2143358885,node
571,Q10510853,72618913,way
572,Q10510859,983806151,way
573,Q10510869,656447092,way
574,Q10510876,404616292,way
575,Q4356641,5192098,way
576,Q1555501,35275663,way
577,Q10511118,424504766,way
578,Q10511119,97372897,way
579,Q10511120,84838574,way
580,Q10511122,442105797,way
581,Q10511185,27431299,way
582,Q10511298,329864229,way
583,Q10512305,517895863,way
584,Q10512311,758116656,way
585,Q10512312,323211709,way
586,Q10512326,645785395,way
587,Q10512489,2506838419,node
588,Q10512530,781367541,way
589,Q10512547,244503051,way
590,Q10512562,614188855,way
591,Q10512580,821279111,node
592,Q10512598,309405556,way
593,Q10512609,96197354,way
594,Q10512614,781495367,way
595,Q76475988,685464508,way
596,Q1742877,24329423,way
597,Q10512689,53097470,way
598,Q10512697,243061372,way
599,Q1236650,24059735,way
600,Q10512951,531776259,way
601,Q10512958,3387924236,node
602,Q10512962,243008307,way
603,Q1742878,1050889621,way
604,Q116603,97507765,way
605,Q10515479,430065933,way
606,Q1920080,2398786552,node
607,Q10515490,202394382,way
608,Q10515880,542058780,way
609,Q5638502,116438616,way
610,Q10515907,390667595,node
611,Q10515911,40399277,way
612,Q1742881,503333173,way
613,Q10515957,535002113,way
614,Q3866816,30677832,way
615,Q10516103,550280938,way
616,Q10516116,554107078,way
617,Q10516349,361199972,way
618,Q10516355,472349036,node
619,Q10516377,310850336,way
620,Q18290449,319097349,way
621,Q1248514,814046190,node
622,Q10516451,129406960,way
623,Q18331036,1100993690,way
624,Q10516764,475423386,way
625,Q10516833,38421293,way
626,Q10516834,221570448,way
627,Q10516849,108251262,way
628,Q10516883,191640761,way
629,Q10516887,76064074,way
630,Q10516911,436076368,way
631,Q10516919,409767568,way
632,Q10516927,290606808,way
633,Q1551598,513951983,way
634,Q10516978,4505194463,node
635,Q10516987,292006980,way
636,Q10517190,193229385,way
637,Q10517197,518605082,way
638,Q10517208,243042818,way
639,Q1742884,465480015,way
640,Q10517232,169543476,way
641,Q10517274,204720898,way
642,Q18290514,444468608,way
643,Q10517962,976732516,node
644,Q10518024,1319766346,node
645,Q10518045,93227235,way
646,Q10518097,486226747,way
647,Q10518223,640390983,way
648,Q29354881,839861614,way
649,Q10518476,311402272,way
650,Q10518488,276611668,way
651,Q10518500,733416232,way
652,Q10518617,359510647,way
653,Q10518667,401664015,way
654,Q5251087,615477838,way
655,Q10519094,407395983,way
656,Q10519095,550301536,way
657,Q10519116,300573887,way
658,Q10519182,123652602,way
659,Q10519242,1997951967,node
660,Q2036739,27741605,way
661,Q10519262,88741182,way
662,Q28379925,1088359650,way
663,Q1742887,528236268,way
664,Q10519448,123973005,way
665,Q10519482,24921860,way
666,Q10519511,513699881,way
667,Q10519523,434370801,way
668,Q10519529,8506599040,node
669,Q5704629,88453750,way
670,Q10519541,700441385,way
671,Q10519558,1159218403,node
672,Q539165,360953556,way
673,Q10520029,217451044,way
674,Q10520033,551331187,way
675,Q10520035,32615700,way
676,Q3084818,95255201,way
677,Q10520036,243137849,way
678,Q10520037,54149469,way
679,Q10520041,601364251,way
680,Q108057261,1308202,relation
681,Q10521768,4790092408,node
682,Q10521810,633086856,way
683,Q1305619,272661638,node
684,Q10521855,733382758,way
685,Q10522689,433817366,way
686,Q10522717,152098875,way
687,Q10522742,318152495,way
688,Q10522777,646034040,way
689,Q10522780,244228742,way
690,Q10524019,32706093,way
691,Q10524030,243296087,way
692,Q10524256,655708741,way
693,Q10524738,612639812,way
694,Q10524753,301937631,way
695,Q10524763,24210043,way
696,Q10524779,523948597,way
697,Q10524836,132549730,way
698,Q10524880,387208438,way
699,Q10524907,714452308,way
700,Q10524924,540382193,node
701,Q10525049,155195609,way
702,Q10525055,233638285,way
703,Q10525064,610052361,way
704,Q10525084,170668255,way
705,Q10525278,255594577,way
706,Q10525285,250635090,way
707,Q10525300,496369640,way
708,Q10525321,303388550,way
709,Q10525322,640393641,way
710,Q10525323,477922894,way
711,Q5116900,387224496,way
712,Q10525340,840557528,way
713,Q10525356,149900355,way
714,Q10525507,270960590,way
715,Q10525515,364370402,way
716,Q10526274,310688060,way
717,Q10526390,1014557420,way
718,Q10526391,521560557,way
719,Q10526407,87821287,way
720,Q10526467,314315435,way
721,Q5908103,91896064,way
722,Q10526541,193317270,way
723,Q10526647,274224252,way
724,Q18290696,243061374,way
725,Q10526659,599663285,way
726,Q10526687,525677641,way
727,Q10526710,563566736,way
728,Q10526711,201154167,way
729,Q18290705,218644511,way
730,Q10526835,27775531,way
731,Q10526846,315765603,way
732,Q10526851,243138222,way
733,Q10526863,118581732,way
734,Q18290715,243264620,way
735,Q10527092,234218027,way
736,Q18290726,398517819,way
737,Q10527279,272196551,way
738,Q1416916,57677602,way
739,Q10527324,262383717,way
740,Q10527332,2399869269,node
741,Q10527337,2158306827,node
742,Q10527339,430067954,way
743,Q10527344,3122834547,node
744,Q26253172,24277410,way
745,Q10527399,28494120,way
746,Q10527413,284940679,way
747,Q10527916,28771396,way
748,Q10529118,117742397,way
749,Q10529216,670726612,way
750,Q10530892,512356050,way
751,Q10530906,511402087,way
752,Q10531272,693447813,way
753,Q10531278,136335029,way
754,Q10531285,154407066,way
755,Q10531291,243061375,way
756,Q17442582,1084720214,way
757,Q10531401,243008308,way
758,Q10531402,87398521,way
759,Q10531403,429699430,way
760,Q10531447,292188533,way
761,Q10531454,243067639,way
762,Q10531499,136439526,way
763,Q10531544,243042819,way
764,Q10531643,417782059,node
765,Q10531647,711990017,way
766,Q10531660,243061376,way
767,Q2850319,423216355,way
768,Q10531677,148207995,way
769,Q29646093,179432540,way
770,Q10531697,217122634,way
771,Q30286136,500540552,way
772,Q10531708,451564062,way
773,Q10531722,658719394,way
774,Q10531725,397144361,way
775,Q1236653,40842796,way
776,Q10531757,354233937,way
777,Q10531786,106167754,way
778,Q10531787,321386194,way
779,Q10531800,404483168,way
780,Q10531811,153685948,way
781,Q10531824,307577037,way
782,Q10531889,474835225,node
783,Q10531908,117865485,way
784,Q10531967,409513082,way
785,Q10531971,562017181,way
786,Q10532017,318875288,way
787,Q10532023,477379374,way
788,Q10532033,7252358,relation
789,Q10532029,243146944,way
790,Q10532063,510547557,way
791,Q10532077,274860622,way
792,Q10532084,926184285,way
793,Q10532095,308800825,way
794,Q10532134,4593415090,node
795,Q10532140,28585810,way
796,Q10532147,88364569,way
797,Q10532150,113625167,way
798,Q403322,1257127,relation
799,Q10532204,409767572,way
800,Q10532221,317335617,way
801,Q10532241,646572951,way
802,Q10532348,432488826,way
803,Q18290841,232882625,way
804,Q10532359,28454297,way
805,Q10532379,360770837,way
806,Q18290846,3756381192,node
807,Q10532416,322453330,way
808,Q10532421,2451274550,node
809,Q10532431,172672341,way
810,Q10532456,517187778,way
811,Q10532460,997902603,way
812,Q10532511,607932581,way
813,Q10532522,28745257,way
814,Q10532532,152119536,way
815,Q10532544,244196322,way
816,Q10532551,379677348,node
817,Q10532568,243042820,way
818,Q10532569,236298310,way
819,Q10532587,300881158,way
820,Q10532602,790992931,node
821,Q10532606,1079310870,way
822,Q10532629,409767576,way
823,Q10532646,98351044,way
824,Q10532650,169885582,way
825,Q10532691,96832644,way
826,Q10533557,591793058,way
827,Q10534225,88018590,way
828,Q10534239,305570815,way
829,Q10534252,428490148,node
830,Q10534255,428490145,node
831,Q18290918,135174984,way
832,Q10534608,333959774,way
833,Q10534722,211524206,way
834,Q18759755,88598845,way
835,Q10534721,198824078,way
836,Q10534724,8370391,relation
837,Q10535369,253494007,way
838,Q10535443,184350153,way
839,Q10535473,636606125,way
840,Q10536814,331571226,way
841,Q1742893,204344731,way
842,Q10539291,390972346,way
843,Q10539687,352629016,way
844,Q28380135,4567117820,node
845,Q1524537,638342835,way
846,Q10540469,1601321,relation
847,Q10540517,187239305,way
848,Q12573080,325041497,way
849,Q1742892,325041255,way
850,Q1742892,325041255,way
851,Q1742892,325041255,way
852,Q10540787,303209553,way
853,Q18291050,620163522,way
854,Q10540827,377772190,way
855,Q59505,158374310,way
856,Q10541330,503243461,way
857,Q10541415,243067640,way
858,Q10541461,708707597,way
859,Q10541471,301569344,way
860,Q10541618,520650711,way
861,Q26256974,839624665,way
862,Q10541648,217106420,way
863,Q10541657,243138224,way
864,Q10541661,169253375,way
865,Q10541679,471304681,way
866,Q10541745,267370269,way
867,Q10541769,27169014,way
868,Q10541785,390947555,way
869,Q10541838,413742950,way
870,Q10541846,449086794,way
871,Q10541952,243061377,way
872,Q10541958,307803707,node
873,Q10542008,284962876,way
874,Q10542019,2425948422,node
875,Q10542021,2425948423,node
876,Q10542036,130587099,way
877,Q1742894,314016497,way
878,Q10542633,230895801,way
879,Q10542775,971617795,way
880,Q10542798,626503620,way
881,Q1236665,38319501,way
882,Q10542841,185320896,way
883,Q10542947,722201677,way
884,Q10542959,324042780,way
885,Q29248523,2344925557,node
886,Q10543531,243061378,way
887,Q10543564,566431928,way
888,Q10543587,485634797,way
889,Q10543605,140743575,way
890,Q10543605,140743575,way
891,Q10543682,290110960,way
892,Q10543760,252471692,way
893,Q10543786,290587861,way
894,Q10543808,530765960,way
895,Q10543808,530765960,way
896,Q737220,75070676,way
897,Q18291194,271614252,way
898,Q1736102,37079169,way
899,Q1736102,37079169,way
900,Q10544410,413991915,way
901,Q10544454,447922952,node
902,Q10544501,52059392,way
903,Q10545168,243042821,way
904,Q10545351,543392597,way
905,Q6644130,668956882,node
906,Q10545620,529081639,way
907,Q10545647,983674580,way
908,Q10545654,2506838421,node
909,Q10545682,282741811,way
910,Q10545804,250774470,way
911,Q1742908,74851544,way
912,Q10545886,24269532,way
913,Q10545920,124080798,way
914,Q10545969,2021371659,node
915,Q1540683,163637452,way
916,Q10546436,159114092,way
917,Q18291268,263687668,way
918,Q10546551,365634668,way
919,Q10546569,521157907,way
920,Q10546674,26647783,way
921,Q10546692,221699187,way
922,Q18451330,368145326,way
923,Q10546782,2413901404,node
924,Q10546802,523949548,way
925,Q10546807,60320854,way
926,Q18291287,243123581,way
927,Q10548139,301566785,way
928,Q10548172,232202613,way
929,Q10548182,346099815,way
930,Q10548215,1513160689,node
931,Q10548216,2077488132,node
932,Q10548218,65662245,way
933,Q28380122,582863520,node
934,Q10548254,115941553,way
935,Q10548378,4712684945,node
936,Q18451405,478082777,way
937,Q10549139,445132413,way
938,Q4377302,3077497347,node
939,Q10549237,593690442,way
940,Q10549242,589302517,way
941,Q10549243,531222939,way
942,Q10549242,589302517,way
943,Q10549254,274103828,way
944,Q10549263,185873932,way
945,Q1789436,83775202,way
946,Q10549394,113515260,way
947,Q10549395,949544151,way
948,Q10549526,37264726,way
949,Q10549556,380421212,way
950,Q10549881,418326775,way
951,Q18291444,299628796,way
952,Q10549917,124510296,way
953,Q3370587,227907894,way
954,Q3370599,329999706,way
955,Q10550086,241261492,way
956,Q10550102,5365470,way
957,Q10550245,1008215944,way
958,Q10550251,430070190,way
959,Q10550263,147816215,way
960,Q10550304,173778727,way
961,Q10550315,316097403,node
962,Q5487617,28300619,way
963,Q5487617,28300619,way
964,Q10550339,41175063,way
965,Q1742905,336357873,way
966,Q10550353,1717529665,node
967,Q10550400,733411897,way
968,Q10550404,520390086,way
969,Q10550418,137720407,way
970,Q10550931,415419683,node
971,Q18291521,98460536,way
972,Q10551070,539930985,way
973,Q10551085,645060226,way
974,Q10551092,337691070,way
975,Q10551096,217691416,way
976,Q10551099,475714707,way
977,Q10551135,124492797,way
978,Q29892536,626005250,way
979,Q10551201,289365580,way
980,Q10551229,24232751,way
981,Q10551380,2504663679,node
982,Q10551422,264900335,node
983,Q10551451,2503042917,node
984,Q10551457,53093415,way
985,Q18291547,464448108,way
986,Q10551511,28621537,way
987,Q10551558,217676181,way
988,Q10551560,243165081,way
989,Q1795326,971645992,way
990,Q10551622,243042823,way
991,Q10551634,217328899,way
992,Q10551645,2136865360,node
993,Q10551673,98269560,way
994,Q18291577,201163716,way
995,Q10551697,308801787,way
996,Q10551764,309049946,way
997,Q10551823,189265183,way
998,Q10551855,89748645,way
999,Q10551863,296384574,node
1000,Q10551885,174913043,way
1001,Q10551928,217106670,way
1002,Q10551967,1011133437,way
1003,Q10551979,219564089,way
1004,Q10551983,573187676,way
1005,Q10552003,243061379,way
1006,Q10552031,10834892,relation
1007,Q10552044,414015855,way
1008,Q10552047,414021805,way
1009,Q10552068,2805515361,node
1010,Q10552101,458917434,way
1011,Q10552118,300615611,way
1012,Q10552121,217104573,way
1013,Q10552125,243123582,way
1014,Q10552173,2127818937,node
1015,Q1576764,167094579,way
1016,Q10552186,434363512,way
1017,Q10553233,576873455,node
1018,Q10553242,70800350,way
1019,Q10553265,402013906,way
1020,Q10553526,90192719,way
1021,Q10553611,692258379,way
1022,Q10553783,517930222,way
1023,Q10553784,243183086,way
1024,Q10553793,41687490,way
1025,Q10553809,595005633,way
1026,Q10553810,94974033,way
1027,Q10553887,155988293,way
1028,Q10553956,36966862,way
1029,Q10553968,290717945,way
1030,Q10554005,261536448,way
1031,Q10554014,359561512,way
1032,Q10554077,277902001,way
1033,Q10554083,710362534,way
1034,Q10554294,307247158,way
1035,Q10554519,24369453,way
1036,Q10554909,842366173,way
1037,Q10555205,243061380,way
1038,Q10555270,657660014,way
1039,Q10556201,239803557,way
1040,Q18291686,243042824,way
1041,Q8085641,360756185,way
1042,Q10556732,705992789,way
1043,Q10556743,930814692,way
1044,Q10556756,614267571,way
1045,Q10556765,243165082,way
1046,Q10556830,3345522582,node
1047,Q10556914,255048783,way
1048,Q18291706,680664790,way
1049,Q10559560,2429455079,node
1050,Q10559562,5520546161,node
1051,Q10559576,316156731,way
1052,Q10559628,295957902,way
1053,Q10560689,243067641,way
1054,Q10560844,169871049,way
1055,Q10561331,242718116,way
1056,Q10561345,447441358,way
1057,Q10561362,23400750,way
1058,Q10561405,506304714,way
1059,Q10561721,233004725,way
1060,Q10561747,370286046,way
1061,Q10561766,244517703,way
1062,Q10561857,198996079,way
1063,Q10561884,296585681,way
1064,Q10561885,227322708,way
1065,Q2566963,28576312,way
1066,Q10562031,388569450,way
1067,Q10562463,514873659,way
1068,Q10562509,305548196,way
1069,Q10562512,375710117,way
1070,Q10562523,311016728,way
1071,Q10562646,401799749,way
1072,Q10562692,462674928,way
1073,Q1236659,28178610,way
1074,Q93706581,40824321,way
1075,Q18291843,445789971,way
1076,Q10562916,354314303,way
1077,Q10563270,1578306626,node
1078,Q10567481,1018487106,way
1079,Q10567893,1213428839,node
1080,Q10567904,220885932,way
1081,Q10568278,732173993,way
1082,Q10568304,254057869,way
1083,Q10568324,458917435,way
1084,Q10568325,560490500,way
1085,Q10568326,416445970,way
1086,Q10568342,447223037,way
1087,Q10568361,430924988,way
1088,Q10568364,285582227,way
1089,Q10568365,221061753,way
1090,Q10568373,656305719,way
1091,Q16740463,311153037,way
1092,Q10568423,235417964,way
1093,Q10568432,280418177,way
1094,Q10568437,2506838422,node
1095,Q10568455,413163807,way
1096,Q10568458,618543452,way
1097,Q10568478,358492181,node
1098,Q5413449,28565626,way
1099,Q10568684,1037223131,way
1100,Q10568689,234021225,way
1101,Q10569025,206448510,way
1102,Q10569037,407395990,way
1103,Q10569214,243067642,way
1104,Q10569845,327960667,way
1105,Q10570023,23523526,way
1106,Q10570455,449011098,way
1107,Q10570576,97588833,way
1108,Q10570583,584217602,node
1109,Q1236674,156117124,way
1110,Q10570715,49487996,way
1111,Q6704116,93216206,way
1112,Q10570765,115857206,way
1113,Q10570769,27141910,way
1114,Q1236689,148133843,way
1115,Q10570889,293270850,node
1116,Q10571052,2168909869,node
1117,Q10571080,290244770,way
1118,Q10571208,271218599,way
1119,Q10571212,124460719,way
1120,Q10571244,302169408,way
1121,Q10571560,115223846,way
1122,Q10571567,409767579,way
1123,Q10571635,286734691,way
1124,Q10571680,513030495,way
1125,Q10571690,54202684,way
1126,Q10571756,276247594,way
1127,Q10571779,33917117,way
1128,Q10571874,427498448,way
1129,Q10571880,236036676,way
1130,Q10571910,157698396,way
1131,Q10571911,117553010,way
1132,Q10571943,51051836,way
1133,Q1742919,296560049,way
1134,Q10572408,212057742,way
1135,Q10572522,655708740,way
1136,Q10572527,301611868,way
1137,Q10572530,688378220,way
1138,Q10572554,842797473,way
1139,Q10572641,1089801722,way
1140,Q10572645,627903848,way
1141,Q10572688,430070247,way
1142,Q10572702,133081077,way
1143,Q10572719,27772051,way
1144,Q10572726,995058955,way
1145,Q10572793,409767580,way
1146,Q10572816,40398994,way
1147,Q10572821,471118527,node
1148,Q6711363,134530910,way
1149,Q10572930,430070394,way
1150,Q10573006,293351427,way
1151,Q10575268,28593615,way
1152,Q10575272,299605660,way
1153,Q10575368,363643431,way
1154,Q3358329,423012971,way
1155,Q10576054,243165083,way
1156,Q10576055,389936382,way
1157,Q10576180,346194541,way
1158,Q10576244,774744416,way
1159,Q10576252,327976293,way
1160,Q10576931,460334616,way
1161,Q18292210,543261070,way
1162,Q10577024,301961272,way
1163,Q3497031,156840831,way
1164,Q3497031,156840831,way
1165,Q10577192,89652370,way
1166,Q10577228,841602051,way
1167,Q10577229,261964028,way
1168,Q10577232,172406090,way
1169,Q10577233,323144274,way
1170,Q10577234,303317204,way
1171,Q10577235,195005074,way
1172,Q10577236,417855967,way
1173,Q10577238,22981149,way
1174,Q10577239,135548515,way
1175,Q10577240,94216395,way
1176,Q10577241,986165942,way
1177,Q10577242,223917367,way
1178,Q10577303,2412394174,node
1179,Q10577316,286801395,way
1180,Q10577338,2503266722,node
1181,Q10577341,162456431,way
1182,Q1236679,481127379,way
1183,Q10577522,24038241,way
1184,Q10577527,288335015,node
1185,Q10577554,418305782,way
1186,Q10577611,1156276403,node
1187,Q10577621,839845919,way
1188,Q1798826,42774809,way
1189,Q10577778,227463476,way
1190,Q10577783,149905794,way
1191,Q10577842,172260042,way
1192,Q10577886,235251329,way
1193,Q10577894,101932514,way
1194,Q1833969,28562919,way
1195,Q10578246,839385104,way
1196,Q10578511,677850952,way
1197,Q18292257,842152078,way
1198,Q10578552,578614759,way
1199,Q10579144,243042825,way
1200,Q10581178,252609137,way
1201,Q10581244,243061382,way
1202,Q10581304,2996396924,node
1203,Q10583168,92497706,way
1204,Q10585154,282903269,way
1205,Q10585155,511312643,way
1206,Q10585157,1681723439,node
1207,Q10585160,332140474,node
1208,Q10585163,51932307,way
1209,Q10585164,127846189,way
1210,Q10585165,461405209,way
1211,Q10585456,574542681,way
1212,Q10586367,131170344,way
1213,Q10586370,405308294,way
1214,Q18292341,217311571,way
1215,Q10586835,360844560,way
1216,Q10586841,531283848,way
1217,Q10586848,759460084,way
1218,Q10586888,308583494,way
1219,Q10586917,2063311037,node
1220,Q10587113,511570349,way
1221,Q10587115,411077850,way
1222,Q18292349,515631825,way
1223,Q10587137,2504663680,node
1224,Q10587442,475109139,node
1225,Q10587457,440404325,way
1226,Q10587484,1084720216,way
1227,Q10587577,570051936,way
1228,Q10587712,399262156,way
1229,Q10588909,155987291,way
1230,Q10589145,840855976,way
1231,Q10589150,170796225,way
1232,Q10589154,359383643,way
1233,Q10589477,619129681,way
1234,Q10589488,2731401,relation
1235,Q10589532,698260747,way
1236,Q10589551,655578376,way
1237,Q10590044,322434410,way
1238,Q10590085,2139802824,node
1239,Q10590263,705266789,way
1240,Q10590277,676191417,way
1241,Q10590292,154323079,way
1242,Q18292407,225761336,way
1243,Q10590337,538552149,way
1244,Q1742923,429556485,way
1245,Q10590435,626285869,way
1246,Q10590457,292189065,way
1247,Q10590735,181271135,way
1248,Q10591025,6920266413,node
1249,Q10591033,513807593,way
1250,Q10592830,230271380,way
1251,Q10593144,165341834,way
1252,Q10593231,91258241,way
1253,Q10593281,504697546,way
1254,Q10593313,467515379,way
1255,Q10593326,2506838423,node
1256,Q10593400,523949837,way
1257,Q10593411,646037794,way
1258,Q10593427,655712273,way
1259,Q10593490,226055613,way
1260,Q10593496,58641960,way
1261,Q10593503,493340808,way
1262,Q10593506,94583758,way
1263,Q10593510,53097376,way
1264,Q10593559,534341055,way
1265,Q10593664,244261635,way
1266,Q10593680,296816071,way
1267,Q10593684,3465563512,node
1268,Q10593705,255631719,way
1269,Q10593925,25334458,way
1270,Q10593942,93130340,way
1271,Q10594573,839607050,way
1272,Q10595052,243067643,way
1273,Q2365475,118184574,way
1274,Q18292520,687736778,way
1275,Q10600214,53088727,way
1276,Q10600410,302278949,way
1277,Q10600728,74768927,way
1278,Q10600797,839385102,way
1279,Q10601296,696078429,way
1280,Q10601357,4095513617,node
1281,Q10601457,32185221,way
1282,Q10601464,508520769,way
1283,Q10601807,311327389,way
1284,Q10601806,243179648,way
1285,Q10601903,113348479,way
1286,Q10601906,210585928,way
1287,Q6441078,141812826,way
1288,Q8499896,839880963,way
1289,Q10602203,552203888,way
1290,Q10602221,2998903392,node
1291,Q18292576,106947984,way
1292,Q10602464,243061383,way
1293,Q10602495,24500529,way
1294,Q10602503,542816237,way
1295,Q18292594,55081128,way
1296,Q10602530,90382177,way
1297,Q10602541,37049765,way
1298,Q10602551,2143369697,node
1299,Q10602567,283805155,way
1300,Q10602585,2143366515,node
1301,Q10602597,861548991,node
1302,Q18292606,24500531,way
1303,Q10602617,2031082774,node
1304,Q10602621,24689423,way
1305,Q10602659,297672684,way
1306,Q10602671,87916379,way
1307,Q10602684,1758604746,node
1308,Q10602690,124067802,way
1309,Q10602707,393596566,way
1310,Q10602752,830430528,way
1311,Q10602770,298998588,way
1312,Q10602776,839880962,way
1313,Q10602914,141604478,way
1314,Q10602945,132561301,way
1315,Q18331460,224001485,way
1316,Q10602977,234949789,way
1317,Q10602989,301961274,way
1318,Q10602998,235060212,way
1319,Q10603090,506540740,way
1320,Q3358333,87850315,way
1321,Q10603292,243165084,way
1322,Q10603789,610174223,way
1323,Q10604240,2636047417,node
1324,Q10604647,113334921,way
1325,Q10604721,331549501,way
1326,Q10604735,293877655,way
1327,Q10604736,223475000,way
1328,Q10604789,136451211,way
1329,Q10604874,249498079,way
1330,Q10604981,293400675,way
1331,Q10604982,221041995,way
1332,Q10605012,171012779,way
1333,Q10605049,506100183,way
1334,Q10605175,438225700,way
1335,Q10605266,293977488,way
1336,Q10605285,727695351,node
1337,Q10605286,219753896,way
1338,Q10605287,308815050,way
1339,Q30334525,841211000,way
1340,Q10605325,122652572,way
1341,Q10605333,57381715,way
1342,Q10605338,1406292710,node
1343,Q10605344,733408203,way
1344,Q10605348,961564317,node
1345,Q10605374,211858461,way
1346,Q10605394,206372085,way
1347,Q17561285,803868928,way
1348,Q10605499,684893404,way
1349,Q10605558,233100565,way
1350,Q10605564,670977387,way
1351,Q10605836,840561867,way
1352,Q10606604,28124510,way
1353,Q10606779,88180309,way
1354,Q10606829,264974881,way
1355,Q10606830,2430300433,node
1356,Q10606838,1014475678,way
1357,Q18331725,292266421,way
1358,Q10607883,2467522856,node
1359,Q10608119,539696393,way
1360,Q10608170,190485908,way
1361,Q10608172,373399103,node
1362,Q10609279,2087443301,node
1363,Q10610169,535485537,way
1364,Q10610177,304143875,way
1365,Q10610917,126025900,way
1366,Q10611283,291432679,way
1367,Q10611575,763528254,node
1368,Q10611864,243183087,way
1369,Q10611865,243183088,way
1370,Q10611874,220390584,way
1371,Q3372075,40864993,way
1372,Q10612945,289041416,way
1373,Q606334,30392445,way
1374,Q10612978,32137548,way
1375,Q10613024,148686624,way
1376,Q10613030,656096057,way
1377,Q10613436,243061384,way
1378,Q10613535,243042826,way
1379,Q10613613,266442938,way
1380,Q10613618,459659995,way
1381,Q10613684,76451815,way
1382,Q10615168,301568328,way
1383,Q10621389,239300846,way
1384,Q10300588,119731433,way
1385,Q10622303,515968170,way
1386,Q10624543,614144869,way
1387,Q10625148,45743505,way
1388,Q10625156,433253987,way
1389,Q10625286,33160034,node
1390,Q10631912,90443914,way
1391,Q10631914,219698082,way
1392,Q36812135,238864276,way
1393,Q10632413,295858031,way
1394,Q10632421,842032532,way
1395,Q10637711,839607052,way
1396,Q10637949,127846718,way
1397,Q10646819,839624662,way
1398,Q26256637,243123583,way
1399,Q10647892,839624664,way
1400,Q10647919,96329087,way
1401,Q10648321,243061385,way
1402,Q10648579,469462929,way
1403,Q10649010,79895761,way
1404,Q10649081,157956908,way
1405,Q10649098,92348928,way
1406,Q10649104,2180077209,node
1407,Q10649193,315813036,way
1408,Q1026851,217952746,way
1409,Q3357524,516117509,way
1410,Q10649763,329793398,way
1411,Q10649791,503204579,way
1412,Q10649796,274535260,way
1413,Q10649965,109090402,way
1414,Q10650001,299706089,way
1415,Q10650063,289875654,way
1416,Q10650854,352062543,way
1417,Q10650859,243138225,way
1418,Q10651280,334315763,way
1419,Q10651360,292793038,way
1420,Q10651538,733416227,way
1421,Q10651546,89071686,way
1422,Q10651578,2214708365,node
1423,Q657118,23841420,way
1424,Q28380200,97503066,way
1425,Q10655397,4158934073,node
1426,Q10655710,513697537,way
1427,Q10655725,292122450,way
1428,Q10655737,2139286738,node
1429,Q10655741,2031076871,node
1430,Q10655760,60827306,way
1431,Q10656112,503405254,way
1432,Q10656161,294341154,way
1433,Q10656366,1423291680,node
1434,Q10656390,280682815,node
1435,Q10656396,115713174,way
1436,Q10656470,559578202,way
1437,Q29878800,907472779,way
1438,Q10656559,944257757,node
1439,Q10657096,117186102,way
1440,Q10657231,842028608,way
1441,Q10657355,2310062658,node
1442,Q10657602,27482379,way
1443,Q10657629,445622203,way
1444,Q10657821,241040806,way
1445,Q10657851,496354053,way
1446,Q10658174,704123942,way
1447,Q10658196,101160167,way
1448,Q10658212,2506838424,node
1449,Q10658214,290540811,way
1450,Q10658228,760197737,way
1451,Q10658313,77996163,way
1452,Q10658314,435296029,way
1453,Q10658349,160691182,way
1454,Q10658436,551961501,way
1455,Q10658443,28586132,way
1456,Q10658452,314187792,way
1457,Q10658459,191640173,way
1458,Q10658555,206308112,way
1459,Q10658576,655708751,way
1460,Q10658612,447247396,way
1461,Q10658617,5874320477,node
1462,Q771691,243061386,way
1463,Q10658685,277603732,way
1464,Q10658703,267370905,way
1465,Q10658732,345127039,way
1466,Q10658737,606591679,way
1467,Q10658755,150127509,way
1468,Q10658767,37769751,way
1469,Q10658793,257413683,node
1470,Q10658799,183134332,way
1471,Q10658884,428180145,way
1472,Q10658902,137651158,way
1473,Q10658908,940720677,node
1474,Q10658965,211742946,way
1475,Q10658994,2139265394,node
1476,Q10659005,499453998,way
1477,Q10659014,413186166,way
1478,Q10659064,307768889,way
1479,Q10659084,227501741,way
1480,Q10659128,273586130,way
1481,Q10659171,180843064,way
1482,Q10659391,302506172,way
1483,Q10659394,508536373,way
1484,Q10659394,508536373,way
1485,Q10659401,30392232,way
1486,Q10659415,43570799,way
1487,Q10659422,221049979,way
1488,Q7591059,37296264,way
1489,Q10659444,265422301,way
1490,Q10659763,67712880,way
1491,Q10660188,84872295,way
1492,Q10660325,650088311,node
1493,Q7403362,127459969,way
1494,Q10660405,243061387,way
1495,Q10660410,53186545,way
1496,Q10660416,233103179,way
1497,Q10660845,2605333386,node
1498,Q10661122,243264621,way
1499,Q10661170,265058982,way
1500,Q10661178,243027565,way
1501,Q10661184,385748893,way
1502,Q10661258,33079658,way
1503,Q10661266,656525253,way
1504,Q10661302,366449773,way
1505,Q10661318,45706659,way
1506,Q18332425,97169280,way
1507,Q10661328,130304618,way
1508,Q10661329,27652473,way
1509,Q10661331,303975583,way
1510,Q10661334,490373544,way
1511,Q10659373,531813266,way
1512,Q10659373,531813266,way
1513,Q10661339,28564518,way
1514,Q15042147,47160788,way
1515,Q10661348,277335350,way
1516,Q4135820,31515514,way
1517,Q10661354,30182034,way
1518,Q10661358,150508760,way
1519,Q10661363,233707017,way
1520,Q1477827,16108404,way
1521,Q1477827,16108404,way
1522,Q164289,42037293,way
1523,Q889502,28482245,way
1524,Q10661373,239922489,way
1525,Q10661374,91859390,way
1526,Q10661376,615916420,node
1527,Q18332439,87887696,way
1528,Q10661392,430065574,way
1529,Q10661395,40661508,way
1530,Q10661398,6074159,relation
1531,Q30334649,564105420,way
1532,Q10659407,61048800,way
1533,Q10659407,61048800,way
1534,Q3428863,562074134,way
1535,Q7589460,27103709,way
1536,Q10661407,41120592,way
1537,Q10661408,373545574,way
1538,Q10659411,41962223,way
1539,Q10661412,82312304,way
1540,Q30312396,243004859,way
1541,Q10661415,461692740,way
1542,Q10661417,322932237,way
1543,Q10661418,37857305,way
1544,Q10661420,599053015,way
1545,Q10661426,551331191,way
1546,Q10661427,41961261,way
1547,Q10661428,170857223,way
1548,Q10661429,171944719,way
1549,Q10661430,198048900,way
1550,Q10661431,236740596,way
1551,Q10659417,126807117,way
1552,Q10659417,126807117,way
1553,Q10661435,188303120,way
1554,Q10661434,91269642,way
1555,Q1701458,87250087,way
1556,Q10661442,430059280,way
1557,Q2222091,33798741,way
1558,Q10661445,24038045,way
1559,Q10661450,67567186,way
1560,Q10661457,123631717,way
1561,Q889213,28481855,way
1562,Q10661460,146302036,way
1563,Q10661467,106504942,way
1564,Q10661468,22981135,way
1565,Q7591414,88251559,way
1566,Q10661476,129652671,way
1567,Q2756744,28415187,way
1568,Q10661478,341735650,way
1569,Q10661481,549918785,way
1570,Q10661492,299854459,way
1571,Q10659434,369994,relation
1572,Q10661505,541178526,way
1573,Q10661506,118987479,way
1574,Q18332455,95562947,way
1575,Q10661514,138307718,way
1576,Q10661516,221131139,way
1577,Q1747797,214140335,way
1578,Q10661517,56433663,way
1579,Q10661518,243004861,way
1580,Q1747797,214140335,way
1581,Q1131130,527028826,way
1582,Q30312868,545701225,way
1583,Q10661524,89660675,way
1584,Q2319831,227838338,way
1585,Q10661532,403361526,way
1586,Q745342,245836656,way
1587,Q1310249,147081485,way
1588,Q2222024,485729089,way
1589,Q10661535,98372446,way
1590,Q10661536,81310001,way
1591,Q10661537,35151046,way
1592,Q18332460,549990877,way
1593,Q10661538,88551028,way
1594,Q10661568,180399658,way
1595,Q36859911,88407706,way
1596,Q10662198,986333148,way
1597,Q10662241,379876932,way
1598,Q10665060,40904458,way
1599,Q10665072,511780831,way
1600,Q10665084,99976692,way
1601,Q10665085,31670048,way
1602,Q10665137,33407223,way
1603,Q18332493,733411896,way
1604,Q18278288,86264903,way
1605,Q10666477,393733827,way
1606,Q10666791,669256898,node
1607,Q10666854,733416226,way
1608,Q10667213,655708754,way
1609,Q18332519,289398593,way
1610,Q10667767,325456616,way
1611,Q10667824,4163918113,node
1612,Q10667899,6916109,way
1613,Q10667983,97511014,way
1614,Q10668031,244517704,way
1615,Q10668113,3853945292,node
1616,Q10668149,745659045,way
1617,Q10668173,308237418,way
1618,Q10668310,807969711,way
1619,Q10668782,409767581,way
1620,Q10668797,441089985,way
1621,Q10669215,243004863,way
1622,Q18332552,243264624,way
1623,Q10669433,403621490,way
1624,Q10669474,7328511,relation
1625,Q10669475,120323675,way
1626,Q10669510,251451030,way
1627,Q10669533,40520053,way
1628,Q10669544,717706600,node
1629,Q10669554,656520022,way
1630,Q10669583,329046760,way
1631,Q7533708,1831309865,node
1632,Q10669617,762615035,way
1633,Q10669621,1166893661,node
1634,Q10669648,243042827,way
1635,Q10669652,205781840,way
1636,Q10669660,243061389,way
1637,Q10669749,228430423,way
1638,Q648054,23949687,way
1639,Q10669759,243042828,way
1640,Q10669791,191643782,way
1641,Q18448849,261959697,way
1642,Q10669897,243042829,way
1643,Q10669903,96580894,way
1644,Q10669944,28593478,way
1645,Q10669992,91798769,way
1646,Q10670017,733411895,way
1647,Q10670032,400117755,way
1648,Q10670101,379198512,way
1649,Q10670174,261079432,way
1650,Q7535543,568780938,way
1651,Q10670236,244139840,way
1652,Q30133678,7312287,relation
1653,Q10670283,655708742,way
1654,Q10670299,349625797,way
1655,Q10670304,381344002,way
1656,Q10670354,558330583,way
1657,Q10670361,90378797,way
1658,Q10670377,220474885,way
1659,Q10670550,641532451,way
1660,Q10670560,567155213,way
1661,Q10670724,733416231,way
1662,Q10670747,244697524,way
1663,Q6441160,522082888,way
1664,Q10670761,388422385,node
1665,Q10670879,542241776,way
1666,Q10670889,95285567,way
1667,Q18332661,290106900,way
1668,Q10670991,296827390,way
1669,Q10670999,44698599,way
1670,Q10671007,231389750,way
1671,Q10671035,278861742,way
1672,Q10671042,766106647,node
1673,Q105529863,4330792228,node
1674,Q10671053,243296083,way
1675,Q10671100,234953466,way
1676,Q10671108,2138349382,node
1677,Q18448889,250184554,node
1678,Q10671199,70766155,way
1679,Q10671215,607136387,way
1680,Q10671233,201153630,way
1681,Q10671278,2012937097,node
1682,Q10671279,90072401,way
1683,Q1731643,308810159,way
1684,Q10671421,31901223,way
1685,Q10671437,96584757,way
1686,Q10671595,431971303,way
1687,Q10671640,531222959,way
1688,Q10671642,1243683380,node
1689,Q10671748,243067645,way
1690,Q10671780,151241997,way
1691,Q10671830,1848114144,node
1692,Q10671837,983410837,way
1693,Q10671853,619456678,way
1694,Q10671871,314173546,way
1695,Q10671932,303178466,way
1696,Q10671964,98486724,way
1697,Q10672447,116920683,way
1698,Q10672533,1013133316,way
1699,Q10672572,174094555,way
1700,Q5173647,545671188,way
1701,Q10672765,255923674,way
1702,Q10672798,182819740,way
1703,Q1967885,27738238,way
1704,Q2302684,108009670,way
1705,Q10673105,243008309,way
1706,Q10673121,1374020671,node
1707,Q10673122,332351151,way
1708,Q10673136,25600294,way
1709,Q6370420,186662357,way
1710,Q10673292,559571942,way
1711,Q1742944,23513690,way
1712,Q10674042,432782253,way
1713,Q10674047,245516799,way
1714,Q10674181,290237916,way
1715,Q10674341,559576947,way
1716,Q10674440,243067646,way
1717,Q10674473,430070825,way
1718,Q10674635,465773342,way
1719,Q10674762,515955020,way
1720,Q10674793,302953783,way
1721,Q10675679,2086278403,node
1722,Q1742946,902490538,node
1723,Q2591057,27157155,way
1724,Q10677236,842016821,way
1725,Q10677265,609012787,way
1726,Q10677394,437484298,way
1727,Q10677588,693699762,way
1728,Q10677635,493329779,way
1729,Q10677910,309551183,way
1730,Q10678027,23315933,way
1731,Q10678107,674467160,way
1732,Q10678403,377042912,way
1733,Q10678416,295294066,way
1734,Q10678457,659365542,way
1735,Q10678517,640393644,way
1736,Q1464292,462282415,way
1737,Q10678562,449055646,way
1738,Q10679264,299121779,way
1739,Q10679291,322961511,way
1740,Q10679321,655578833,way
1741,Q10679616,98820516,way
1742,Q10680072,175392120,way
1743,Q10680410,474835566,node
1744,Q10680727,48513661,way
1745,Q10680997,28585816,way
1746,Q10680998,28569661,way
1747,Q10681012,255735527,way
1748,Q10681038,683479608,way
1749,Q10681057,403445568,way
1750,Q10681061,589705713,way
1751,Q10681067,363739328,way
1752,Q10681090,94055591,way
1753,Q10681106,230258254,way
1754,Q10681109,244517705,way
1755,Q10681130,587387348,way
1756,Q10681153,41725998,way
1757,Q10681186,611789691,way
1758,Q10681237,492316340,way
1759,Q10681257,360937407,way
1760,Q10681291,939057683,way
1761,Q1133075,8049504,way
1762,Q1133075,8049504,way
1763,Q10681308,175727087,way
1764,Q10681436,360942932,way
1765,Q10681444,3395080728,node
1766,Q10681447,530977015,way
1767,Q1236697,64524654,way
1768,Q10682109,243123584,way
1769,Q10682165,733408201,way
1770,Q1742948,761097671,way
1771,Q18333019,382459436,way
1772,Q10682221,283142734,way
1773,Q10682228,654215104,way
1774,Q10682230,54413567,way
1775,Q18333027,670986982,way
1776,Q10682250,259811479,way
1777,Q10682270,653224888,way
1778,Q10682421,4593280990,node
1779,Q10682468,92972359,way
1780,Q10682806,1154933653,node
1781,Q10682820,71248499,way
1782,Q10682892,232535020,way
1783,Q10682962,1102294120,node
1784,Q10683681,438905592,way
1785,Q7639639,24324052,way
1786,Q1517786,481314041,way
1787,Q10683921,108498469,way
1788,Q10683922,273771559,way
1789,Q10683933,708189015,way
1790,Q10683942,243061390,way
1791,Q10683947,103294490,way
1792,Q10683961,426537806,way
1793,Q10684115,620147622,way
1794,Q10684172,284275489,way
1795,Q18333129,274762722,way
1796,Q10684358,615477839,way
1797,Q10684365,515658640,way
1798,Q10684376,288549723,way
1799,Q10684471,561990578,way
1800,Q10684519,260615754,way
1801,Q10684528,976390568,way
1802,Q10684546,401101988,way
1803,Q10684628,28510222,way
1804,Q10684650,944289210,node
1805,Q10684656,313842127,way
1806,Q10684731,2503266740,node
1807,Q10684737,407201341,way
1808,Q1742950,447856688,way
1809,Q10684752,342550680,way
1810,Q10684758,286701349,way
1811,Q10685782,954330640,way
1812,Q10686337,427495904,way
1813,Q10686383,999331070,way
1814,Q10686391,865280272,way
1815,Q10686410,515059783,way
1816,Q10686413,2504446847,node
1817,Q10687495,243042830,way
1818,Q106328973,675616031,way
1819,Q10687884,65218611,way
1820,Q10688052,655708757,way
1821,Q10688116,316729298,way
1822,Q10688115,353937530,way
1823,Q10688134,53097439,way
1824,Q10688141,151241968,way
1825,Q10688153,300279731,way
1826,Q10688233,243061391,way
1827,Q10688237,485341062,way
1828,Q7665791,196312114,way
1829,Q10688251,170090234,way
1830,Q26256871,222307503,way
1831,Q10688263,112579704,way
1832,Q10688379,243296085,way
1833,Q10688471,517768353,way
1834,Q10688503,321987446,way
1835,Q10688517,897776936,node
1836,Q10688557,166332144,way
1837,Q10688575,8254787,relation
1838,Q10688841,234565618,way
1839,Q10688865,841608023,way
1840,Q18333739,361421014,way
1841,Q10688903,655712274,way
1842,Q10688910,243183089,way
1843,Q10688918,243067647,way
1844,Q10688936,477567213,way
1845,Q10688948,299599935,way
1846,Q10688954,308692987,way
1847,Q10688962,526023508,way
1848,Q10688976,2503042923,node
1849,Q10688980,274408170,way
1850,Q10688984,89891277,way
1851,Q10688989,88243801,way
1852,Q10689024,233368768,way
1853,Q10689038,589488535,way
1854,Q10689088,28704519,way
1855,Q10689092,1079519490,way
1856,Q10689097,409767584,way
1857,Q10689098,137932993,way
1858,Q10689163,203205775,way
1859,Q10689168,557642415,way
1860,Q10689177,400053018,way
1861,Q10689181,506502786,way
1862,Q10689195,243008310,way
1863,Q10689246,321622989,way
1864,Q10689270,137661258,way
1865,Q10689649,133975840,way
1866,Q10690567,456409522,way
1867,Q10690577,346368509,way
1868,Q10690657,96339920,way
1869,Q10690663,291799724,way
1870,Q10690714,302726449,way
1871,Q18333838,200048365,way
1872,Q10691570,284036332,way
1873,Q10691793,430071541,way
1874,Q29869222,350184719,way
1875,Q10691837,2951238150,node
1876,Q10691870,146272435,way
1877,Q10691910,842355658,way
1878,Q2302101,243791118,way
1879,Q10692741,436776660,way
1880,Q10692743,79684425,way
1881,Q10697599,325389009,way
1882,Q10697613,21641430,way
1883,Q10697670,308796696,way
1884,Q10697678,971399121,way
1885,Q10697800,328542106,way
1886,Q10697954,625736114,way
1887,Q10698049,430071542,way
1888,Q10698167,314445158,way
1889,Q10698183,429156694,way
1890,Q10698190,429391412,way
1891,Q10698213,253872469,way
1892,Q10698217,398206942,node
1893,Q10698283,434373672,way
1894,Q10698686,445835399,way
1895,Q10699027,655708746,way
1896,Q10699139,655676589,way
1897,Q10699340,93780996,way
1898,Q10699343,236250482,way
1899,Q10699351,1397577592,node
1900,Q10699397,40929953,way
1901,Q10699429,190434508,way
1902,Q10699463,389963265,way
1903,Q10699464,141332099,way
1904,Q10699620,407737709,way
1905,Q10700064,24037740,way
1906,Q10700075,495040567,way
1907,Q10700084,655714285,way
1908,Q10700104,470186794,way
1909,Q10700150,436615349,way
1910,Q10700217,479130540,way
1911,Q10700220,446485468,way
1912,Q10700254,296854356,way
1913,Q10700255,275242706,way
1914,Q10700268,2214366405,node
1915,Q1742955,332144120,way
1916,Q10700311,242104829,way
1917,Q10700353,271350505,way
1918,Q7827193,218247550,way
1919,Q7827214,176305145,way
1920,Q10700420,430071543,way
1921,Q10700425,430071544,way
1922,Q10700441,856468224,way
1923,Q10700442,446907734,way
1924,Q10700453,584470565,way
1925,Q10700468,479063089,way
1926,Q10700533,508209866,way
1927,Q10700555,289286721,way
1928,Q10700568,660184046,way
1929,Q10700578,98426021,way
1930,Q10700618,53096621,way
1931,Q10701272,451519807,way
1932,Q10701350,123907098,way
1933,Q10701431,49979621,way
1934,Q1257706,22664336,way
1935,Q10701690,282901342,way
1936,Q10701691,90273881,way
1937,Q10701692,128636998,way
1938,Q10701701,611212097,way
1939,Q10701710,748877840,way
1940,Q10704783,733413051,way
1941,Q10704864,375696966,way
1942,Q10704874,268552947,way
1943,Q10704443,151748633,way
1944,Q12339824,408653469,way
1945,Q10705523,902326933,node
1946,Q1742956,462284661,way
1947,Q10705616,559526760,way
1948,Q10705618,559577106,way
1949,Q8013801,243061393,way
1950,Q10705628,896797696,node
1951,Q10705634,24369450,way
1952,Q10705668,24601887,way
1953,Q10705680,243146946,way
1954,Q10705683,618807933,way
1955,Q10705689,511809625,way
1956,Q10705692,472389036,way
1957,Q10706161,98240224,way
1958,Q10706199,248969114,way
1959,Q10706207,666384745,node
1960,Q10706272,1100658153,node
1961,Q10706273,961228092,way
1962,Q10706290,332929429,way
1963,Q10706292,52072690,way
1964,Q10706335,93892436,way
1965,Q10706535,204041664,way
1966,Q10706546,490393046,way
1967,Q10706667,477738379,way
1968,Q7857139,189944012,way
1969,Q10706761,92231726,way
1970,Q10706762,539757657,way
1971,Q18334213,589129748,way
1972,Q10706897,619165058,way
1973,Q10706990,28519963,way
1974,Q10707222,834895039,way
1975,Q10707229,59054109,way
1976,Q4410839,154746988,way
1977,Q10707716,459030429,way
1978,Q2164087,8049509,way
1979,Q877360,37648189,way
1980,Q2164087,8049509,way
1981,Q10707822,52245269,way
1982,Q10707859,591531226,way
1983,Q1500750,105008909,way
1984,Q10707956,289433425,way
1985,Q10707991,654995522,way
1986,Q18334259,322924022,way
1987,Q10708013,398078016,way
1988,Q11000425,840523480,way
1989,Q10708060,243061395,way
1990,Q10708130,5757403824,node
1991,Q10708144,2137738685,node
1992,Q10708151,252031113,way
1993,Q10708156,228498082,way
1994,Q10708169,56066379,way
1995,Q10708183,655708749,way
1996,Q10708189,840860462,way
1997,Q10708193,436169855,way
1998,Q10708210,227689856,way
1999,Q10708233,229117917,way
2000,Q10708241,533198251,way
2001,Q10708243,533198252,way
2002,Q10708364,733408198,way
2003,Q10708394,150795172,way
2004,Q10708409,32782947,way
2005,Q10708424,88282759,way
2006,Q10708551,327215334,way
2007,Q10708643,300872458,way
2008,Q10708733,82253677,way
2009,Q10708740,839607056,way
2010,Q10708753,481125927,way
2011,Q10708796,1140772515,node
2012,Q10708865,309123231,way
2013,Q10708878,541096838,node
2014,Q656810,611168722,way
2015,Q10708901,49495595,node
2016,Q10709021,38692080,way
2017,Q10709022,174512001,way
2018,Q10631913,4326932389,node
2019,Q4348256,120735335,way
2020,Q10709322,554512128,way
2021,Q10709432,389438818,way
2022,Q10709803,118369048,way
2023,Q1787767,240301962,way
2024,Q10709876,50091283,way
2025,Q850042,769941546,way
2026,Q10710199,50339248,way
2027,Q10710295,116862596,way
2028,Q26256741,221725166,way
2029,Q10710320,53077785,way
2030,Q10711101,205121874,way
2031,Q18334463,118976502,way
2032,Q10711433,102216614,way
2033,Q10711434,617649881,way
2034,Q10711727,243061396,way
2035,Q10711932,79334189,way
2036,Q10711946,241821481,way
2037,Q10711953,288498432,way
2038,Q10711961,637548152,way
2039,Q4355128,172136971,way
2040,Q10712014,326069892,way
2041,Q10712061,33708891,way
2042,Q10712143,154328335,way
2043,Q10712253,514888318,way
2044,Q10712276,3011076014,node
2045,Q10712277,228132430,way
2046,Q10712306,98386753,way
2047,Q10712307,2305983154,node
2048,Q10712310,430071678,way
2049,Q10712323,151242102,way
2050,Q1742967,409767591,way
2051,Q18334521,288500456,way
2052,Q10712367,52114982,way
2053,Q10712409,264915584,way
2054,Q10712470,308800213,way
2055,Q10712476,105469931,way
2056,Q10712481,326637267,way
2057,Q1570191,481742273,way
2058,Q10712663,460064055,way
2059,Q10712690,137669509,way
2060,Q18449842,126830999,way
2061,Q10712702,202398597,way
2062,Q10712773,202504785,way
2063,Q10712813,243067649,way
2064,Q10712929,147051630,way
2065,Q10713032,303687894,way
2066,Q10713094,546099607,way
2067,Q7448766,24157552,way
2068,Q7448766,24157552,way
2069,Q10713135,658613703,way
2070,Q10713141,724518236,way
2071,Q10713185,308810833,way
2072,Q10713213,457410904,node
2073,Q10713217,427653923,way
2074,Q10713261,286060417,node
2075,Q7916318,370335718,way
2076,Q8085647,263973539,way
2077,Q10713492,23889157,way
2078,Q10713509,94055187,way
2079,Q10713530,296118617,way
2080,Q10713562,2138041836,node
2081,Q10713568,539823793,way
2082,Q10713641,655708747,way
2083,Q10713824,1461524547,node
2084,Q10713846,220625805,way
2085,Q10713923,553136696,way
2086,Q10713942,254351220,way
2087,Q10713951,157321376,way
2088,Q10714556,684786861,way
2089,Q10714578,358691174,way
2090,Q10714623,578009874,way
2091,Q10714981,608378556,way
2092,Q10715005,311070011,way
2093,Q10715085,262392573,way
2094,Q10715128,658326153,way
2095,Q10715206,289717633,way
2096,Q10715228,546071722,way
2097,Q10715229,409767595,way
2098,Q10715265,482171809,way
2099,Q10715289,39962495,way
2100,Q10715298,273499472,way
2101,Q10715308,1697850863,node
2102,Q10715337,840512526,way
2103,Q10715344,549096919,way
2104,Q18334655,342412824,way
2105,Q10715397,231925848,way
2106,Q10715550,430071768,way
2107,Q10715566,245399768,way
2108,Q10715606,194095384,way
2109,Q10715619,124962660,way
2110,Q10715659,655708753,way
2111,Q8859432,192396058,way
2112,Q10715707,35220166,way
2113,Q10715781,24160229,way
2114,Q10715785,839880976,way
2115,Q10715801,484343900,way
2116,Q10715943,376894943,way
2117,Q10715993,236386860,way
2118,Q10716000,668048486,way
2119,Q10716043,463283956,way
2120,Q664018,127396508,way
2121,Q10716123,2506838430,node
2122,Q10716149,584385491,way
2123,Q10716144,2794223286,node
2124,Q10716192,320878430,way
2125,Q10716199,136122864,way
2126,Q10716200,378385825,way
2127,Q10716275,124122992,way
2128,Q10716384,441134429,node
2129,Q10716433,93602373,way
2130,Q10716457,587732154,way
2131,Q385254,97116974,way
2132,Q10716629,137808425,way
2133,Q18334759,114722050,way
2134,Q10716955,292374151,way
2135,Q10716961,192236145,way
2136,Q10717010,297343749,way
2137,Q10717066,325189986,way
2138,Q18334810,87914948,way
2139,Q10717104,10717541,relation
2140,Q10717112,239015225,way
2141,Q10717126,168645453,way
2142,Q10717242,243061397,way
2143,Q10717256,401782106,way
2144,Q10717288,287130126,way
2145,Q10717296,358636451,way
2146,Q10717350,22881907,way
2147,Q10717363,271990229,way
2148,Q10717381,381353395,way
2149,Q10717399,842491309,way
2150,Q10717469,1016562330,way
2151,Q10717633,119911396,way
2152,Q10717691,431763864,way
2153,Q740047,256459840,way
2154,Q10717741,592077179,way
2155,Q18334872,637475881,way
2156,Q10717786,286786357,way
2157,Q10717799,266166681,way
2158,Q3370756,195965766,way
2159,Q10717910,296816482,way
2160,Q10717935,244690804,way
2161,Q10717954,88891818,way
2162,Q10717955,448326487,way
2163,Q10717959,364562584,way
2164,Q10717969,148586126,way
2165,Q10717969,148586126,way
2166,Q10717972,156576029,way
2167,Q10717978,227093443,way
2168,Q10717982,393372327,way
2169,Q10718005,139733753,way
2170,Q10718015,141076829,way
2171,Q10718018,271664029,way
2172,Q10718050,551508436,way
2173,Q10718055,79352502,way
2174,Q1236708,9229971,way
2175,Q10718062,96383087,way
2176,Q10718160,1016859187,way
2177,Q18334982,415265484,way
2178,Q10718229,81634374,way
2179,Q10718233,248819689,way
2180,Q10718239,243042834,way
2181,Q7944443,88626355,way
2182,Q10718275,28586568,way
2183,Q10718280,233625481,way
2184,Q10718287,609242558,way
2185,Q10718293,29144489,way
2186,Q10718322,251451032,way
2187,Q10718344,266449036,way
2188,Q2262193,28757719,way
2189,Q10718368,754965492,way
2190,Q10718372,2138017397,node
2191,Q10718376,3059639298,node
2192,Q10718381,28593540,way
2193,Q10718392,631620578,way
2194,Q6369464,172634424,way
2195,Q10718421,207400802,way
2196,Q10718445,100310818,way
2197,Q10718454,5338653921,node
2198,Q10718491,257414643,node
2199,Q10718511,531772580,way
2200,Q10718514,117254617,way
2201,Q1236720,30749764,way
2202,Q1742976,90403240,way
2203,Q10718700,2143369698,node
2204,Q10426216,106078964,way
2205,Q10718787,144992183,way
2206,Q10718802,351564575,way
2207,Q18334801,125990322,way
2208,Q1742977,495028827,way
2209,Q10718865,313760818,way
2210,Q10718866,2637569,relation
2211,Q10718867,324699314,way
2212,Q10718870,73565181,way
2213,Q10718877,271233685,way
2214,Q10718884,324564193,way
2215,Q10718939,295453477,way
2216,Q10718956,191640172,way
2217,Q10723560,308814174,way
2218,Q10723771,1174925130,node
2219,Q18450343,655708744,way
2220,Q10723821,251071520,way
2221,Q10723822,251067209,way
2222,Q10723835,279395533,way
2223,Q10723842,709793388,way
2224,Q10723845,36305318,node
2225,Q8059846,429064707,way
2226,Q8059845,310027262,way
2227,Q10723861,463518679,way
2228,Q10725604,655714286,way
2229,Q18335246,548426778,way
2230,Q10725616,353390411,way
2231,Q10725633,309716950,way
2232,Q10725646,547477062,way
2233,Q10725647,754219035,way
2234,Q10725647,754219035,way
2235,Q10725652,343321680,way
2236,Q10725712,32846853,way
2237,Q10725724,636612302,way
2238,Q10725726,636620569,way
2239,Q10725735,659310431,way
2240,Q10725747,77681432,way
2241,Q10725764,722235781,way
2242,Q10725774,363261369,way
2243,Q106839919,201157671,way
2244,Q10725793,617808129,way
2245,Q10725797,134702456,way
2246,Q10725838,198923949,way
2247,Q10725853,32258097,way
2248,Q10725864,289875656,way
2249,Q10725930,444779496,way
2250,Q10725947,215052661,way
2251,Q10726030,273455014,way
2252,Q18335277,753948421,node
2253,Q10726064,366783347,way
2254,Q10726092,74954503,way
2255,Q10726181,2198649650,node
2256,Q10726202,1159690520,node
2257,Q10726239,342415019,way
2258,Q10726312,491539300,way
2259,Q10726339,208965517,way
2260,Q10726413,369583939,node
2261,Q10726470,1555811,relation
2262,Q10726514,447947586,way
2263,Q10726515,284195160,way
2264,Q10726518,174536353,way
2265,Q10726537,1095156590,node
2266,Q18335207,546897793,way
2267,Q10726605,722059827,node
2268,Q1094340,181070784,way
2269,Q10726734,12126002,relation
2270,Q10726746,641379168,way
2271,Q28035290,88523292,way
2272,Q10726763,512652247,way
2273,Q10726789,332056925,way
2274,Q10726792,243146954,way
2275,Q10726848,469089728,node
2276,Q10726854,308851117,way
2277,Q10726877,733408194,way
2278,Q10726886,379449552,way
2279,Q10726895,231420228,way
2280,Q10726913,1166890315,node
2281,Q10726919,299758513,way
2282,Q10726927,325897890,way
2283,Q10727065,237585193,way
2284,Q10727068,237584735,way
2285,Q10727072,125504284,way
2286,Q10727076,117588560,way
2287,Q10727085,301044298,way
2288,Q10727091,513301411,way
2289,Q10727116,293591860,way
2290,Q10727135,631973565,way
2291,Q10727142,1011917895,way
2292,Q10727169,615299480,way
2293,Q18335295,497834136,way
2294,Q10727185,171793815,way
2295,Q10727213,256300606,way
2296,Q10727299,1849511288,node
2297,Q10727301,303205871,way
2298,Q10727311,521376120,way
2299,Q18335301,585906874,way
2300,Q10727350,98238793,way
2301,Q10727377,155798506,way
2302,Q10727416,217107339,way
2303,Q10727427,558856478,way
2304,Q10727439,3351492327,node
2305,Q10727515,72537082,way
2306,Q10727566,148315980,way
2307,Q10727574,402766282,way
2308,Q10727582,539896224,way
2309,Q10727589,41841061,way
2310,Q10727648,48214672,way
2311,Q10727658,399302779,way
2312,Q10727659,171559224,way
2313,Q10727666,2187536438,node
2314,Q10727675,246288265,way
2315,Q10727692,561310110,way
2316,Q10727710,189542266,way
2317,Q10727716,229926596,way
2318,Q10727721,839880971,way
2319,Q10727740,172547402,way
2320,Q29843299,1447958147,node
2321,Q10727746,220574630,way
2322,Q10727769,491940774,way
2323,Q10728032,227026760,way
2324,Q10728037,433253992,way
2325,Q10728040,268079028,way
2326,Q10728081,563964429,way
2327,Q10728111,620630475,way
2328,Q10728147,427224006,way
2329,Q10728150,273878141,way
2330,Q10728155,701833965,way
2331,Q10728158,711733024,way
2332,Q18450975,95828483,way
2333,Q10728168,114444301,way
2334,Q10728178,227753719,way
2335,Q10728224,552165518,way
2336,Q307325,334553118,way
2337,Q307325,334553118,way
2338,Q10728273,633299205,way
2339,Q10728277,429781654,node
2340,Q10728285,426827937,way
2341,Q10728291,227697538,way
2342,Q10728302,587894865,way
2343,Q10728317,397579241,way
2344,Q10728321,2103353143,node
2345,Q10728335,562893949,way
2346,Q10728349,398342464,way
2347,Q10728355,566456816,way
2348,Q10728386,240205943,node
2349,Q10728402,160553802,way
2350,Q10728417,242228984,way
2351,Q10728421,409767610,way
2352,Q10728438,98329872,way
2353,Q10728446,318924373,way
2354,Q10728452,243483393,way
2355,Q10728464,6196310002,node
2356,Q10728468,409767613,way
2357,Q10728508,272520821,way
2358,Q8228409,220727716,way
2359,Q1736867,274845674,way
2360,Q10728564,664711116,way
2361,Q10728578,321306934,way
2362,Q10728589,202340815,way
2363,Q10728601,23188801,way
2364,Q10728606,536689787,way
2365,Q10728613,840063394,way
2366,Q10728627,711639337,way
2367,Q10728657,907005677,way
2368,Q10728717,98511822,way
2369,Q10728746,656495769,way
2370,Q10728763,655498406,way
